{
  "version": "1.0",
  "timestamp": "2025-07-10T17:59:49.755Z",
  "ship": {
    "Ship Name": "VZUS solos",
    "Manufacturer": "VZUS",
    "Spec": "Racer",
    "Class": 1,
    "cargo_capacity": 249,
    "fuel_capacity": 450,
    "ammo_capacity": 104,
    "asteroid_mining_food_rate": 0.014,
    "asteroid_mining_ammo_rate": 0.013,
    "asteroid_mining_rate": 0.262,
    "subwarp_speed": 0.0076,
    "warp_speed": 0.1,
    "max_warp_distance": 1.8,
    "warp_cool_down": 60,
    "warp_fuel_consumption": 18.29,
    "subwarp_fuel_consumption": 5.02,
    "planet_exit_fuel": 5,
    "scan_cool_down": 744,
    "sduPerScan": 6,
    "scan_cost": 22,
    "required_crew": 1,
    "passenger_capacity": 0,
    "respawnTime": 51,
    "ship_size": 14,
    "warp_lane_speed": 1.4,
    "warp_lane_fee": 10,
    "warp_spool_time": 4,
    "loading_rate": 4,
    "scan_power": 510,
    "hit_points": 410,
    "shield_points": 120,
    "shield_recharge_rate": 2.4,
    "shield_break_delay": 3.5,
    "damage": 25,
    "max_ap": 4,
    "ap_recharge_time": 13.5,
    "repair_cost": 820,
    "repair_rate": 8,
    "repair_ability": 15,
    "repair_efficiency": 75,
    "repair_cooldown": 45,
    "loot_rate": 2.5,
    "ship_size_value": 15500,
    "lp_value\r": 900,
    "damage_kinetic": 0,
    "damage_energy": 0,
    "damage_emp": 0,
    "damage_superchill": 0,
    "damage_shockwave": 0,
    "damage_graygoo": 0,
    "damage_heat": 0,
    "counter_decoy": 0,
    "counter_energy_capacitor": 0,
    "counter_fire_suppressor": 0,
    "counter_flare": 0,
    "counter_healing_nanobots": 0,
    "counter_mine": 0,
    "counter_negative_rem_plating": 0,
    "counter_warming_plates": 0,
    "counter_faraday_shielding": 0,
    "damage_bomb": 0,
    "crit_chance": 0,
    "crit_multiplier": 0,
    "damage_range": 1.1,
    "stealth_power": 0,
    "missile_power": 0,
    "missile_capacity": 0,
    "hit_chance": 0,
    "hit_points_range": 0,
    "shield_points_range": 0,
    "stealth_power_range": 0,
    "missile_power_range": 0,
    "id": 7
  },
  "shipIdentifier": "vzus-solos-vzus",
  "configurations": [
    {
      "name": "Default",
      "components": {
        "Ship Component": {},
        "Ship Module": {},
        "Ship Weapons": {},
        "Countermeasures": {},
        "Missiles": {},
        "Bombs": {}
      },
      "locked": true
    },
    {
      "name": "Tier One",
      "components": {
        "Ship Component": {
          "Power Core": [
            114403
          ],
          "Warp Drive": [
            114513
          ],
          "Subwarp Engine": [
            114458
          ],
          "Maneuvering Thrusters": [
            114348
          ],
          "Shield Generator": [
            114293
          ],
          "Scanner Array": [
            114568
          ],
          "Tractor Beam": [
            114623
          ],
          "Heat Sink": [
            3
          ],
          "Hull Reinforcement": [
            114733
          ]
        },
        "Ship Module": {
          "Fuel Module": [
            114183
          ]
        },
        "Ship Weapons": {
          "Energy": [
            77264,
            77264
          ]
        },
        "Countermeasures": {},
        "Missiles": {},
        "Bombs": {}
      },
      "locked": true
    },
    {
      "name": "Tier Two",
      "components": {
        "Ship Component": {
          "Power Core": [
            114404
          ],
          "Warp Drive": [
            114514
          ],
          "Subwarp Engine": [
            114459
          ],
          "Maneuvering Thrusters": [
            114349
          ],
          "Shield Generator": [
            114294
          ],
          "Scanner Array": [
            114569
          ],
          "Tractor Beam": [
            114624
          ],
          "Heat Sink": [
            7
          ],
          "Hull Reinforcement": [
            114734
          ]
        },
        "Ship Module": {
          "Fuel Module": [
            114184
          ]
        },
        "Ship Weapons": {
          "Energy": [
            77325,
            77325
          ]
        },
        "Countermeasures": {},
        "Missiles": {},
        "Bombs": {}
      },
      "locked": true
    },
    {
      "name": "Tier Three",
      "components": {
        "Ship Component": {
          "Power Core": [
            114405
          ],
          "Warp Drive": [
            114515
          ],
          "Subwarp Engine": [
            114460
          ],
          "Maneuvering Thrusters": [
            114350
          ],
          "Shield Generator": [
            114295
          ],
          "Scanner Array": [
            114570
          ],
          "Tractor Beam": [
            114625
          ],
          "Heat Sink": [
            6
          ],
          "Hull Reinforcement": [
            114735
          ]
        },
        "Ship Module": {
          "Fuel Module": [
            114185
          ]
        },
        "Ship Weapons": {
          "Energy": [
            77386,
            77386
          ]
        },
        "Countermeasures": {},
        "Missiles": {},
        "Bombs": {}
      },
      "locked": true
    },
    {
      "name": "Tier Four",
      "components": {
        "Ship Component": {
          "Power Core": [
            114406
          ],
          "Warp Drive": [
            114516
          ],
          "Subwarp Engine": [
            114461
          ],
          "Maneuvering Thrusters": [
            114351
          ],
          "Shield Generator": [
            114296
          ],
          "Scanner Array": [
            114571
          ],
          "Tractor Beam": [
            114626
          ],
          "Heat Sink": [
            5
          ],
          "Hull Reinforcement": [
            114736
          ]
        },
        "Ship Module": {
          "Fuel Module": [
            114186
          ]
        },
        "Ship Weapons": {
          "Energy": [
            77447,
            77447
          ]
        },
        "Countermeasures": {},
        "Missiles": {},
        "Bombs": {}
      },
      "locked": true
    },
    {
      "name": "Tier Five",
      "components": {
        "Ship Component": {
          "Power Core": [
            114407
          ],
          "Warp Drive": [
            114517
          ],
          "Subwarp Engine": [
            114462
          ],
          "Maneuvering Thrusters": [
            114352
          ],
          "Shield Generator": [
            114297
          ],
          "Scanner Array": [
            114572
          ],
          "Tractor Beam": [
            114627
          ],
          "Heat Sink": [
            4
          ],
          "Hull Reinforcement": [
            114737
          ]
        },
        "Ship Module": {
          "Fuel Module": [
            114187
          ]
        },
        "Ship Weapons": {
          "Energy": [
            77508,
            77508
          ]
        },
        "Countermeasures": {},
        "Missiles": {},
        "Bombs": {}
      },
      "locked": true
    },
    {
      "name": "Scanning Min",
      "components": {
        "Ship Component": {
          "Power Core": [],
          "Warp Drive": [],
          "Subwarp Engine": [],
          "Maneuvering Thrusters": [],
          "Shield Generator": [],
          "Scanner Array": [
            114568
          ],
          "Tractor Beam": [],
          "Heat Sink": [],
          "Hull Reinforcement": []
        },
        "Ship Module": {
          "Fuel Module": []
        },
        "Ship Weapons": {
          "Energy": []
        },
        "Countermeasures": {},
        "Missiles": {},
        "Bombs": {}
      },
      "locked": true
    },
    {
      "name": "Scanning Mid",
      "components": {
        "Ship Component": {
          "Power Core": [
            114405
          ],
          "Warp Drive": [],
          "Subwarp Engine": [],
          "Maneuvering Thrusters": [],
          "Shield Generator": [],
          "Scanner Array": [
            114570
          ],
          "Tractor Beam": [],
          "Heat Sink": [
            6
          ],
          "Hull Reinforcement": []
        },
        "Ship Module": {
          "Fuel Module": []
        },
        "Ship Weapons": {
          "Energy": []
        },
        "Countermeasures": {},
        "Missiles": {},
        "Bombs": {}
      },
      "locked": true
    },
    {
      "name": "Scanning Max",
      "components": {
        "Ship Component": {
          "Power Core": [
            114407
          ],
          "Warp Drive": [
            114517
          ],
          "Subwarp Engine": [
            114462
          ],
          "Maneuvering Thrusters": [
            114352
          ],
          "Shield Generator": [
            114297
          ],
          "Scanner Array": [
            114572
          ],
          "Tractor Beam": [],
          "Heat Sink": [
            4
          ],
          "Hull Reinforcement": [
            114737
          ]
        },
        "Ship Module": {
          "Fuel Module": []
        },
        "Ship Weapons": {
          "Energy": []
        },
        "Countermeasures": {},
        "Missiles": {},
        "Bombs": {}
      },
      "locked": true
    },
    {
      "name": "Salvage Min",
      "components": {
        "Ship Component": {
          "Power Core": [],
          "Warp Drive": [],
          "Subwarp Engine": [],
          "Maneuvering Thrusters": [],
          "Shield Generator": [],
          "Scanner Array": [],
          "Tractor Beam": [
            114623
          ],
          "Heat Sink": [],
          "Hull Reinforcement": []
        },
        "Ship Module": {
          "Fuel Module": []
        },
        "Ship Weapons": {
          "Energy": []
        },
        "Countermeasures": {},
        "Missiles": {},
        "Bombs": {}
      },
      "locked": true
    },
    {
      "name": "Salvage Mid",
      "components": {
        "Ship Component": {
          "Power Core": [
            114405
          ],
          "Warp Drive": [],
          "Subwarp Engine": [],
          "Maneuvering Thrusters": [],
          "Shield Generator": [],
          "Scanner Array": [],
          "Tractor Beam": [
            114625
          ],
          "Heat Sink": [
            6
          ],
          "Hull Reinforcement": []
        },
        "Ship Module": {
          "Fuel Module": [],
          "Cargo Module": [
            114130
          ]
        },
        "Ship Weapons": {
          "Energy": []
        },
        "Countermeasures": {},
        "Missiles": {},
        "Bombs": {}
      },
      "locked": true,
      "_convertMetadata": {
        "Ship Module": {}
      }
    },
    {
      "name": "Salvage Max",
      "components": {
        "Ship Component": {
          "Power Core": [
            114407
          ],
          "Warp Drive": [
            114517
          ],
          "Subwarp Engine": [
            114462
          ],
          "Maneuvering Thrusters": [
            114352
          ],
          "Shield Generator": [
            114297
          ],
          "Scanner Array": [],
          "Tractor Beam": [
            114627
          ],
          "Heat Sink": [
            4
          ],
          "Hull Reinforcement": [
            114737
          ]
        },
        "Ship Module": {
          "Fuel Module": [],
          "Cargo Module": [
            114132
          ]
        },
        "Ship Weapons": {
          "Energy": []
        },
        "Countermeasures": {},
        "Missiles": {},
        "Bombs": {}
      },
      "locked": true,
      "_convertMetadata": {
        "Ship Module": {}
      }
    },
    {
      "name": "Repair Min",
      "components": {
        "Ship Component": {
          "Power Core": [],
          "Warp Drive": [],
          "Subwarp Engine": [],
          "Maneuvering Thrusters": [],
          "Shield Generator": [],
          "Scanner Array": [],
          "Tractor Beam": [],
          "Heat Sink": [],
          "Hull Reinforcement": []
        },
        "Ship Module": {
          "Fuel Module": []
        },
        "Ship Weapons": {
          "Energy": []
        },
        "Countermeasures": {},
        "Missiles": {},
        "Bombs": {}
      },
      "locked": true
    },
    {
      "name": "Repair Mid",
      "components": {
        "Ship Component": {
          "Power Core": [
            114405
          ],
          "Warp Drive": [],
          "Subwarp Engine": [],
          "Maneuvering Thrusters": [],
          "Shield Generator": [],
          "Scanner Array": [],
          "Tractor Beam": [],
          "Heat Sink": [
            6
          ],
          "Hull Reinforcement": []
        },
        "Ship Module": {
          "Fuel Module": []
        },
        "Ship Weapons": {
          "Energy": []
        },
        "Countermeasures": {},
        "Missiles": {},
        "Bombs": {}
      },
      "locked": true
    },
    {
      "name": "Repair Max",
      "components": {
        "Ship Component": {
          "Power Core": [
            114407
          ],
          "Warp Drive": [
            114517
          ],
          "Subwarp Engine": [
            114462
          ],
          "Maneuvering Thrusters": [
            114352
          ],
          "Shield Generator": [
            114297
          ],
          "Scanner Array": [],
          "Tractor Beam": [],
          "Heat Sink": [
            4
          ],
          "Hull Reinforcement": [
            114737
          ]
        },
        "Ship Module": {
          "Fuel Module": []
        },
        "Ship Weapons": {
          "Energy": []
        },
        "Countermeasures": {},
        "Missiles": {},
        "Bombs": {}
      },
      "locked": true
    },
    {
      "name": "Rescue Min",
      "components": {
        "Ship Component": {
          "Power Core": [],
          "Warp Drive": [],
          "Subwarp Engine": [],
          "Maneuvering Thrusters": [],
          "Shield Generator": [],
          "Scanner Array": [],
          "Tractor Beam": [],
          "Heat Sink": [],
          "Hull Reinforcement": []
        },
        "Ship Module": {
          "Fuel Module": []
        },
        "Ship Weapons": {
          "Energy": []
        },
        "Countermeasures": {},
        "Missiles": {},
        "Bombs": {}
      },
      "locked": true
    },
    {
      "name": "Rescue Mid",
      "components": {
        "Ship Component": {
          "Power Core": [
            114405
          ],
          "Warp Drive": [],
          "Subwarp Engine": [],
          "Maneuvering Thrusters": [],
          "Shield Generator": [],
          "Scanner Array": [],
          "Tractor Beam": [],
          "Heat Sink": [
            6
          ],
          "Hull Reinforcement": []
        },
        "Ship Module": {
          "Fuel Module": [],
          "Passenger Module": [
            114240
          ]
        },
        "Ship Weapons": {
          "Energy": []
        },
        "Countermeasures": {},
        "Missiles": {},
        "Bombs": {}
      },
      "locked": true,
      "_convertMetadata": {
        "Ship Module": {}
      }
    },
    {
      "name": "Rescue Max",
      "components": {
        "Ship Component": {
          "Power Core": [
            114407
          ],
          "Warp Drive": [
            114517
          ],
          "Subwarp Engine": [
            114462
          ],
          "Maneuvering Thrusters": [
            114352
          ],
          "Shield Generator": [
            114297
          ],
          "Scanner Array": [],
          "Tractor Beam": [],
          "Heat Sink": [
            4
          ],
          "Hull Reinforcement": [
            114737
          ]
        },
        "Ship Module": {
          "Fuel Module": [],
          "Passenger Module": [
            114242
          ]
        },
        "Ship Weapons": {
          "Energy": []
        },
        "Countermeasures": {},
        "Missiles": {},
        "Bombs": {}
      },
      "locked": true,
      "_convertMetadata": {
        "Ship Module": {}
      }
    },
    {
      "name": "Fast Freight Min",
      "components": {
        "Ship Component": {
          "Power Core": [],
          "Warp Drive": [
            114513
          ],
          "Subwarp Engine": [
            114458
          ],
          "Maneuvering Thrusters": [],
          "Shield Generator": [],
          "Scanner Array": [],
          "Tractor Beam": [],
          "Heat Sink": [],
          "Hull Reinforcement": []
        },
        "Ship Module": {
          "Fuel Module": [
            114183
          ]
        },
        "Ship Weapons": {
          "Energy": []
        },
        "Countermeasures": {},
        "Missiles": {},
        "Bombs": {}
      },
      "locked": true
    },
    {
      "name": "Fast Freight Mid",
      "components": {
        "Ship Component": {
          "Power Core": [
            114405
          ],
          "Warp Drive": [
            114515
          ],
          "Subwarp Engine": [
            114460
          ],
          "Maneuvering Thrusters": [
            114350
          ],
          "Shield Generator": [],
          "Scanner Array": [],
          "Tractor Beam": [
            114625
          ],
          "Heat Sink": [
            6
          ],
          "Hull Reinforcement": []
        },
        "Ship Module": {
          "Fuel Module": [
            114185
          ]
        },
        "Ship Weapons": {
          "Energy": []
        },
        "Countermeasures": {},
        "Missiles": {},
        "Bombs": {}
      },
      "locked": true
    },
    {
      "name": "Fast Freight Max",
      "components": {
        "Ship Component": {
          "Power Core": [
            114407
          ],
          "Warp Drive": [
            114517
          ],
          "Subwarp Engine": [
            114462
          ],
          "Maneuvering Thrusters": [
            114352
          ],
          "Shield Generator": [
            114297
          ],
          "Scanner Array": [],
          "Tractor Beam": [
            114627
          ],
          "Heat Sink": [
            4
          ],
          "Hull Reinforcement": [
            114737
          ]
        },
        "Ship Module": {
          "Fuel Module": [
            114187
          ]
        },
        "Ship Weapons": {
          "Energy": []
        },
        "Countermeasures": {},
        "Missiles": {},
        "Bombs": {}
      },
      "locked": true
    },
    {
      "name": "Cargo Boost Min",
      "components": {
        "Ship Component": {
          "Power Core": [],
          "Warp Drive": [],
          "Subwarp Engine": [],
          "Maneuvering Thrusters": [],
          "Shield Generator": [],
          "Scanner Array": [],
          "Tractor Beam": [],
          "Heat Sink": [],
          "Hull Reinforcement": []
        },
        "Ship Module": {
          "Fuel Module": [
            ""
          ],
          "Cargo Module": [
            114128
          ]
        },
        "Ship Weapons": {
          "Energy": []
        },
        "Countermeasures": {},
        "Missiles": {},
        "Bombs": {}
      },
      "locked": true,
      "_convertMetadata": {
        "Ship Module": {}
      }
    },
    {
      "name": "Cargo Boost Mid",
      "components": {
        "Ship Component": {
          "Power Core": [
            114405
          ],
          "Warp Drive": [],
          "Subwarp Engine": [
            114460
          ],
          "Maneuvering Thrusters": [],
          "Shield Generator": [
            114295
          ],
          "Scanner Array": [],
          "Tractor Beam": [
            114625
          ],
          "Heat Sink": [
            6
          ],
          "Hull Reinforcement": [
            114735
          ]
        },
        "Ship Module": {
          "Fuel Module": [],
          "Cargo Module": [
            114130
          ]
        },
        "Ship Weapons": {
          "Energy": []
        },
        "Countermeasures": {},
        "Missiles": {},
        "Bombs": {}
      },
      "locked": true,
      "_convertMetadata": {
        "Ship Module": {}
      }
    },
    {
      "name": "Cargo Boost Max",
      "components": {
        "Ship Component": {
          "Power Core": [
            114407
          ],
          "Warp Drive": [],
          "Subwarp Engine": [
            114462
          ],
          "Maneuvering Thrusters": [],
          "Shield Generator": [
            114297
          ],
          "Scanner Array": [],
          "Tractor Beam": [
            114627
          ],
          "Heat Sink": [
            4
          ],
          "Hull Reinforcement": [
            114737
          ]
        },
        "Ship Module": {
          "Fuel Module": [],
          "Cargo Module": [
            114132
          ]
        },
        "Ship Weapons": {
          "Energy": []
        },
        "Countermeasures": {},
        "Missiles": {},
        "Bombs": {}
      },
      "locked": true,
      "_convertMetadata": {
        "Ship Module": {}
      }
    },
    {
      "name": "Mining Min",
      "components": {
        "Ship Component": {
          "Power Core": [],
          "Warp Drive": [],
          "Subwarp Engine": [],
          "Maneuvering Thrusters": [],
          "Shield Generator": [],
          "Scanner Array": [],
          "Tractor Beam": [
            114623
          ],
          "Heat Sink": [],
          "Hull Reinforcement": []
        },
        "Ship Module": {
          "Fuel Module": [
            ""
          ],
          "Cargo Module": [
            114128
          ]
        },
        "Ship Weapons": {
          "Energy": []
        },
        "Countermeasures": {},
        "Missiles": {},
        "Bombs": {}
      },
      "locked": true,
      "_convertMetadata": {
        "Ship Module": {}
      }
    },
    {
      "name": "Mining Mid",
      "components": {
        "Ship Component": {
          "Power Core": [
            114405
          ],
          "Warp Drive": [],
          "Subwarp Engine": [],
          "Maneuvering Thrusters": [],
          "Shield Generator": [],
          "Scanner Array": [],
          "Tractor Beam": [
            114625
          ],
          "Heat Sink": [
            6
          ],
          "Hull Reinforcement": []
        },
        "Ship Module": {
          "Fuel Module": [],
          "Cargo Module": [
            114130
          ]
        },
        "Ship Weapons": {
          "Energy": []
        },
        "Countermeasures": {},
        "Missiles": {},
        "Bombs": {}
      },
      "locked": true,
      "_convertMetadata": {
        "Ship Module": {}
      }
    },
    {
      "name": "Mining Max",
      "components": {
        "Ship Component": {
          "Power Core": [
            114407
          ],
          "Warp Drive": [
            114517
          ],
          "Subwarp Engine": [
            114462
          ],
          "Maneuvering Thrusters": [
            114352
          ],
          "Shield Generator": [
            114297
          ],
          "Scanner Array": [],
          "Tractor Beam": [
            114627
          ],
          "Heat Sink": [
            4
          ],
          "Hull Reinforcement": [
            114737
          ]
        },
        "Ship Module": {
          "Fuel Module": [],
          "Cargo Module": [
            114132
          ]
        },
        "Ship Weapons": {
          "Energy": [
            "",
            ""
          ],
          "Shockwave": [
            78799,
            78799
          ]
        },
        "Countermeasures": {},
        "Missiles": {},
        "Bombs": {}
      },
      "locked": true,
      "_convertMetadata": {
        "Ship Module": {},
        "Ship Weapons": {}
      }
    },
    {
      "name": "Kinetic Damage Min",
      "components": {
        "Ship Component": {
          "Power Core": [],
          "Warp Drive": [],
          "Subwarp Engine": [],
          "Maneuvering Thrusters": [],
          "Shield Generator": [],
          "Scanner Array": [],
          "Tractor Beam": [],
          "Heat Sink": [],
          "Hull Reinforcement": []
        },
        "Ship Module": {
          "Fuel Module": [
            ""
          ],
          "Ammo Module": [
            114009
          ]
        },
        "Ship Weapons": {
          "Energy": [
            "",
            ""
          ],
          "Kinetic": [
            76850,
            76850
          ]
        },
        "Countermeasures": {},
        "Missiles": {},
        "Bombs": {}
      },
      "locked": true,
      "_convertMetadata": {
        "Ship Module": {},
        "Ship Weapons": {}
      }
    },
    {
      "name": "Kinetic Damage Mid",
      "components": {
        "Ship Component": {
          "Power Core": [
            114405
          ],
          "Warp Drive": [],
          "Subwarp Engine": [],
          "Maneuvering Thrusters": [],
          "Shield Generator": [],
          "Scanner Array": [],
          "Tractor Beam": [],
          "Heat Sink": [
            6
          ],
          "Hull Reinforcement": []
        },
        "Ship Module": {
          "Fuel Module": [
            ""
          ],
          "Ammo Module": [
            114067
          ]
        },
        "Ship Weapons": {
          "Energy": [
            "",
            ""
          ],
          "Kinetic": [
            76952,
            76952
          ]
        },
        "Countermeasures": {},
        "Missiles": {},
        "Bombs": {}
      },
      "locked": true,
      "_convertMetadata": {
        "Ship Module": {},
        "Ship Weapons": {}
      }
    },
    {
      "name": "Kinetic Damage Max",
      "components": {
        "Ship Component": {
          "Power Core": [
            114407
          ],
          "Warp Drive": [
            114517
          ],
          "Subwarp Engine": [
            114462
          ],
          "Maneuvering Thrusters": [
            114352
          ],
          "Shield Generator": [
            114297
          ],
          "Scanner Array": [],
          "Tractor Beam": [],
          "Heat Sink": [
            4
          ],
          "Hull Reinforcement": [
            114737
          ]
        },
        "Ship Module": {
          "Fuel Module": [],
          "Ammo Module": [
            114069
          ]
        },
        "Ship Weapons": {
          "Energy": [
            "",
            ""
          ],
          "Kinetic": [
            77054,
            77054
          ]
        },
        "Countermeasures": {},
        "Missiles": {},
        "Bombs": {}
      },
      "locked": true,
      "_convertMetadata": {
        "Ship Module": {},
        "Ship Weapons": {}
      }
    },
    {
      "name": "Energy Damage Min",
      "components": {
        "Ship Component": {
          "Power Core": [],
          "Warp Drive": [],
          "Subwarp Engine": [],
          "Maneuvering Thrusters": [],
          "Shield Generator": [],
          "Scanner Array": [],
          "Tractor Beam": [],
          "Heat Sink": [],
          "Hull Reinforcement": []
        },
        "Ship Module": {
          "Fuel Module": [
            ""
          ],
          "Ammo Module": [
            114009
          ]
        },
        "Ship Weapons": {
          "Energy": [
            77264,
            77264
          ]
        },
        "Countermeasures": {},
        "Missiles": {},
        "Bombs": {}
      },
      "locked": true,
      "_convertMetadata": {
        "Ship Module": {}
      }
    },
    {
      "name": "Energy Damage Mid",
      "components": {
        "Ship Component": {
          "Power Core": [
            114405
          ],
          "Warp Drive": [],
          "Subwarp Engine": [],
          "Maneuvering Thrusters": [],
          "Shield Generator": [],
          "Scanner Array": [],
          "Tractor Beam": [],
          "Heat Sink": [
            6
          ],
          "Hull Reinforcement": []
        },
        "Ship Module": {
          "Fuel Module": [],
          "Ammo Module": [
            114067
          ]
        },
        "Ship Weapons": {
          "Energy": [
            77384,
            77384
          ]
        },
        "Countermeasures": {},
        "Missiles": {},
        "Bombs": {}
      },
      "locked": true,
      "_convertMetadata": {
        "Ship Module": {}
      }
    },
    {
      "name": "Energy Damage Max",
      "components": {
        "Ship Component": {
          "Power Core": [
            114407
          ],
          "Warp Drive": [
            114517
          ],
          "Subwarp Engine": [
            114462
          ],
          "Maneuvering Thrusters": [
            114352
          ],
          "Shield Generator": [
            114297
          ],
          "Scanner Array": [],
          "Tractor Beam": [],
          "Heat Sink": [
            4
          ],
          "Hull Reinforcement": [
            114737
          ]
        },
        "Ship Module": {
          "Fuel Module": [],
          "Ammo Module": [
            114069
          ]
        },
        "Ship Weapons": {
          "Energy": [
            77506,
            77506
          ]
        },
        "Countermeasures": {},
        "Missiles": {},
        "Bombs": {}
      },
      "locked": true,
      "_convertMetadata": {
        "Ship Module": {}
      }
    },
    {
      "name": "EMP Damage Min",
      "components": {
        "Ship Component": {
          "Power Core": [],
          "Warp Drive": [],
          "Subwarp Engine": [],
          "Maneuvering Thrusters": [],
          "Shield Generator": [],
          "Scanner Array": [],
          "Tractor Beam": [],
          "Heat Sink": [],
          "Hull Reinforcement": []
        },
        "Ship Module": {
          "Fuel Module": [
            ""
          ],
          "Ammo Module": [
            114009
          ]
        },
        "Ship Weapons": {
          "Energy": [
            "",
            ""
          ],
          "EMP": [
            77743,
            77743
          ]
        },
        "Countermeasures": {},
        "Missiles": {},
        "Bombs": {}
      },
      "locked": true,
      "_convertMetadata": {
        "Ship Module": {},
        "Ship Weapons": {}
      }
    },
    {
      "name": "EMP Damage Mid",
      "components": {
        "Ship Component": {
          "Power Core": [
            114405
          ],
          "Warp Drive": [],
          "Subwarp Engine": [],
          "Maneuvering Thrusters": [],
          "Shield Generator": [],
          "Scanner Array": [],
          "Tractor Beam": [],
          "Heat Sink": [
            6
          ],
          "Hull Reinforcement": []
        },
        "Ship Module": {
          "Fuel Module": [
            ""
          ],
          "Ammo Module": [
            114067
          ]
        },
        "Ship Weapons": {
          "Energy": [
            "",
            ""
          ],
          "EMP": [
            77865,
            77865
          ]
        },
        "Countermeasures": {},
        "Missiles": {},
        "Bombs": {}
      },
      "locked": true,
      "_convertMetadata": {
        "Ship Module": {},
        "Ship Weapons": {}
      }
    },
    {
      "name": "EMP Damage Max",
      "components": {
        "Ship Component": {
          "Power Core": [
            114407
          ],
          "Warp Drive": [
            114517
          ],
          "Subwarp Engine": [
            114462
          ],
          "Maneuvering Thrusters": [
            114352
          ],
          "Shield Generator": [
            114297
          ],
          "Scanner Array": [],
          "Tractor Beam": [],
          "Heat Sink": [
            4
          ],
          "Hull Reinforcement": [
            114737
          ]
        },
        "Ship Module": {
          "Fuel Module": [
            ""
          ],
          "Ammo Module": [
            114069
          ]
        },
        "Ship Weapons": {
          "Energy": [
            "",
            ""
          ],
          "EMP": [
            77987,
            77987
          ]
        },
        "Countermeasures": {},
        "Missiles": {},
        "Bombs": {}
      },
      "locked": true,
      "_convertMetadata": {
        "Ship Module": {},
        "Ship Weapons": {}
      }
    },
    {
      "name": "Superchill Damage Min",
      "components": {
        "Ship Component": {
          "Power Core": [],
          "Warp Drive": [],
          "Subwarp Engine": [],
          "Maneuvering Thrusters": [],
          "Shield Generator": [],
          "Scanner Array": [],
          "Tractor Beam": [],
          "Heat Sink": [],
          "Hull Reinforcement": []
        },
        "Ship Module": {
          "Fuel Module": [
            ""
          ],
          "Ammo Module": [
            114009
          ]
        },
        "Ship Weapons": {
          "Energy": [
            "",
            ""
          ],
          "Superchill": [
            78224,
            78224
          ]
        },
        "Countermeasures": {},
        "Missiles": {},
        "Bombs": {}
      },
      "locked": true,
      "_convertMetadata": {
        "Ship Module": {},
        "Ship Weapons": {}
      }
    },
    {
      "name": "Superchill Damage Mid",
      "components": {
        "Ship Component": {
          "Power Core": [
            114405
          ],
          "Warp Drive": [],
          "Subwarp Engine": [],
          "Maneuvering Thrusters": [],
          "Shield Generator": [],
          "Scanner Array": [],
          "Tractor Beam": [],
          "Heat Sink": [
            6
          ],
          "Hull Reinforcement": []
        },
        "Ship Module": {
          "Fuel Module": [
            ""
          ],
          "Ammo Module": [
            114067
          ]
        },
        "Ship Weapons": {
          "Energy": [
            "",
            ""
          ],
          "Superchill": [
            78346,
            78346
          ]
        },
        "Countermeasures": {},
        "Missiles": {},
        "Bombs": {}
      },
      "locked": true,
      "_convertMetadata": {
        "Ship Module": {},
        "Ship Weapons": {}
      }
    },
    {
      "name": "Superchill Damage Max",
      "components": {
        "Ship Component": {
          "Power Core": [
            114407
          ],
          "Warp Drive": [
            114517
          ],
          "Subwarp Engine": [
            114462
          ],
          "Maneuvering Thrusters": [
            114352
          ],
          "Shield Generator": [
            114297
          ],
          "Scanner Array": [],
          "Tractor Beam": [],
          "Heat Sink": [
            4
          ],
          "Hull Reinforcement": [
            114737
          ]
        },
        "Ship Module": {
          "Fuel Module": [
            ""
          ],
          "Ammo Module": [
            114069
          ]
        },
        "Ship Weapons": {
          "Energy": [
            "",
            ""
          ],
          "Superchill": [
            78468,
            78468
          ]
        },
        "Countermeasures": {},
        "Missiles": {},
        "Bombs": {}
      },
      "locked": true,
      "_convertMetadata": {
        "Ship Module": {},
        "Ship Weapons": {}
      }
    },
    {
      "name": "Shockwave Damage Min",
      "components": {
        "Ship Component": {
          "Power Core": [],
          "Warp Drive": [],
          "Subwarp Engine": [],
          "Maneuvering Thrusters": [],
          "Shield Generator": [],
          "Scanner Array": [],
          "Tractor Beam": [],
          "Heat Sink": [],
          "Hull Reinforcement": []
        },
        "Ship Module": {
          "Fuel Module": [
            ""
          ],
          "Ammo Module": [
            114009
          ]
        },
        "Ship Weapons": {
          "Energy": [
            "",
            ""
          ],
          "Shockwave": [
            78675,
            78675
          ]
        },
        "Countermeasures": {},
        "Missiles": {},
        "Bombs": {}
      },
      "locked": true,
      "_convertMetadata": {
        "Ship Module": {},
        "Ship Weapons": {}
      }
    },
    {
      "name": "Shockwave Damage Mid",
      "components": {
        "Ship Component": {
          "Power Core": [
            114405
          ],
          "Warp Drive": [],
          "Subwarp Engine": [],
          "Maneuvering Thrusters": [],
          "Shield Generator": [],
          "Scanner Array": [],
          "Tractor Beam": [],
          "Heat Sink": [
            6
          ],
          "Hull Reinforcement": []
        },
        "Ship Module": {
          "Fuel Module": [
            ""
          ],
          "Ammo Module": [
            114067
          ]
        },
        "Ship Weapons": {
          "Energy": [
            "",
            ""
          ],
          "Shockwave": [
            78737,
            78737
          ]
        },
        "Countermeasures": {},
        "Missiles": {},
        "Bombs": {}
      },
      "locked": true,
      "_convertMetadata": {
        "Ship Module": {},
        "Ship Weapons": {}
      }
    },
    {
      "name": "Shockwave Damage Max",
      "components": {
        "Ship Component": {
          "Power Core": [
            114407
          ],
          "Warp Drive": [
            114517
          ],
          "Subwarp Engine": [
            114462
          ],
          "Maneuvering Thrusters": [
            114352
          ],
          "Shield Generator": [
            114297
          ],
          "Scanner Array": [],
          "Tractor Beam": [],
          "Heat Sink": [
            4
          ],
          "Hull Reinforcement": [
            114737
          ]
        },
        "Ship Module": {
          "Fuel Module": [
            ""
          ],
          "Ammo Module": [
            114069
          ]
        },
        "Ship Weapons": {
          "Energy": [
            "",
            ""
          ],
          "Shockwave": [
            78799,
            78799
          ]
        },
        "Countermeasures": {},
        "Missiles": {},
        "Bombs": {}
      },
      "locked": true,
      "_convertMetadata": {
        "Ship Module": {},
        "Ship Weapons": {}
      }
    },
    {
      "name": "Gray Goo Damage Min",
      "components": {
        "Ship Component": {
          "Power Core": [],
          "Warp Drive": [],
          "Subwarp Engine": [],
          "Maneuvering Thrusters": [],
          "Shield Generator": [],
          "Scanner Array": [],
          "Tractor Beam": [],
          "Heat Sink": [],
          "Hull Reinforcement": []
        },
        "Ship Module": {
          "Fuel Module": [
            ""
          ],
          "Ammo Module": [
            114009
          ]
        },
        "Ship Weapons": {
          "Energy": [
            "",
            ""
          ],
          "Gray Goo": [
            78919,
            78919
          ]
        },
        "Countermeasures": {},
        "Missiles": {},
        "Bombs": {}
      },
      "locked": true,
      "_convertMetadata": {
        "Ship Module": {},
        "Ship Weapons": {}
      }
    },
    {
      "name": "Gray Goo Damage Mid",
      "components": {
        "Ship Component": {
          "Power Core": [
            114405
          ],
          "Warp Drive": [],
          "Subwarp Engine": [],
          "Maneuvering Thrusters": [],
          "Shield Generator": [],
          "Scanner Array": [],
          "Tractor Beam": [],
          "Heat Sink": [
            6
          ],
          "Hull Reinforcement": []
        },
        "Ship Module": {
          "Fuel Module": [
            ""
          ],
          "Ammo Module": [
            114067
          ]
        },
        "Ship Weapons": {
          "Energy": [
            "",
            ""
          ],
          "Gray Goo": [
            78981,
            78981
          ]
        },
        "Countermeasures": {},
        "Missiles": {},
        "Bombs": {}
      },
      "locked": true,
      "_convertMetadata": {
        "Ship Module": {},
        "Ship Weapons": {}
      }
    },
    {
      "name": "Gray Goo Damage Max",
      "components": {
        "Ship Component": {
          "Power Core": [
            114407
          ],
          "Warp Drive": [
            114517
          ],
          "Subwarp Engine": [
            114462
          ],
          "Maneuvering Thrusters": [
            114352
          ],
          "Shield Generator": [
            114297
          ],
          "Scanner Array": [],
          "Tractor Beam": [],
          "Heat Sink": [
            4
          ],
          "Hull Reinforcement": [
            114737
          ]
        },
        "Ship Module": {
          "Fuel Module": [
            ""
          ],
          "Ammo Module": [
            114069
          ]
        },
        "Ship Weapons": {
          "Energy": [
            "",
            ""
          ],
          "Gray Goo": [
            79043,
            79043
          ]
        },
        "Countermeasures": {},
        "Missiles": {},
        "Bombs": {}
      },
      "locked": true,
      "_convertMetadata": {
        "Ship Module": {},
        "Ship Weapons": {}
      }
    },
    {
      "name": "Heat Damage Min",
      "components": {
        "Ship Component": {
          "Power Core": [],
          "Warp Drive": [],
          "Subwarp Engine": [],
          "Maneuvering Thrusters": [],
          "Shield Generator": [],
          "Scanner Array": [],
          "Tractor Beam": [],
          "Heat Sink": [],
          "Hull Reinforcement": []
        },
        "Ship Module": {
          "Fuel Module": [
            ""
          ],
          "Ammo Module": [
            114009
          ]
        },
        "Ship Weapons": {
          "Energy": [
            "",
            ""
          ],
          "Heat": [
            79153,
            79153
          ]
        },
        "Countermeasures": {},
        "Missiles": {},
        "Bombs": {}
      },
      "locked": true,
      "_convertMetadata": {
        "Ship Module": {},
        "Ship Weapons": {}
      }
    },
    {
      "name": "Heat Damage Mid",
      "components": {
        "Ship Component": {
          "Power Core": [
            114405
          ],
          "Warp Drive": [],
          "Subwarp Engine": [],
          "Maneuvering Thrusters": [],
          "Shield Generator": [],
          "Scanner Array": [],
          "Tractor Beam": [],
          "Heat Sink": [
            6
          ],
          "Hull Reinforcement": []
        },
        "Ship Module": {
          "Fuel Module": [
            ""
          ],
          "Ammo Module": [
            114067
          ]
        },
        "Ship Weapons": {
          "Energy": [
            "",
            ""
          ],
          "Heat": [
            79195,
            79195
          ]
        },
        "Countermeasures": {},
        "Missiles": {},
        "Bombs": {}
      },
      "locked": true,
      "_convertMetadata": {
        "Ship Module": {},
        "Ship Weapons": {}
      }
    },
    {
      "name": "Heat Damage Max",
      "components": {
        "Ship Component": {
          "Power Core": [
            114407
          ],
          "Warp Drive": [
            114517
          ],
          "Subwarp Engine": [
            114462
          ],
          "Maneuvering Thrusters": [
            114352
          ],
          "Shield Generator": [
            114297
          ],
          "Scanner Array": [],
          "Tractor Beam": [],
          "Heat Sink": [
            4
          ],
          "Hull Reinforcement": [
            114737
          ]
        },
        "Ship Module": {
          "Fuel Module": [
            ""
          ],
          "Ammo Module": [
            114069
          ]
        },
        "Ship Weapons": {
          "Energy": [
            "",
            ""
          ],
          "Heat": [
            79237,
            79237
          ]
        },
        "Countermeasures": {},
        "Missiles": {},
        "Bombs": {}
      },
      "locked": true,
      "_convertMetadata": {
        "Ship Module": {},
        "Ship Weapons": {}
      }
    }
  ],
  "activeConfigIndex": 0
}