﻿Asset,Type,Subtype,Config,Class,Qty,Ship Name
Admiral (https://www.notion.so/Admiral-046cf28553c7415dac6eb45d7234ece4?pvs=21),Crew,,,,1,Busan The Last Stand mk VIII
Commander (https://www.notion.so/Commander-969a6aba06854b918793d714611271b2?pvs=21),Crew,,,,2,Busan The Last Stand mk VIII
Captain (https://www.notion.so/Captain-2fe4d7c8d2574dd4b3bfb3bcaa520ecb?pvs=21),Crew,,,,3,Busan The Last Stand mk VIII
Navigator (https://www.notion.so/Navigator-12b110423c754524a11c3e0bdef50f5c?pvs=21),Crew,,,,4,Busan The Last Stand mk VIII
Pilot (https://www.notion.so/Pilot-27d1096841ce418dbb935215ddf2e60b?pvs=21),Crew,,,,4,Busan The Last Stand mk VIII
Medical Officer (https://www.notion.so/Medical-Officer-5f78e5c9252d4b77932ec0e1156b24d4?pvs=21),Crew,,,,25,Busan The Last Stand mk VIII
Drone Operator (https://www.notion.so/Drone-Operator-f5ea0d2d968d4d76806dc1f3b071a344?pvs=21),Crew,,,,5,Busan The Last Stand mk VIII
Engineering Officer (https://www.notion.so/Engineering-Officer-8cb4007c6b794afd8c52bd9ce89220ae?pvs=21),Crew,,,,29,Busan The Last Stand mk VIII
Weapons Operator (https://www.notion.so/Weapons-Operator-a2b44b2e121444a0b51417c7cbeefbfe?pvs=21),Crew,,,,30,Busan The Last Stand mk VIII
Rig Operator (https://www.notion.so/Rig-Operator-e85f9e6a96a84e338e8a25bd4a38caf8?pvs=21),Crew,,,,4,Busan The Last Stand mk VIII
Chef (https://www.notion.so/Chef-9aceff085114485897f8ddfa65255c72?pvs=21),Crew,,,,10,Busan The Last Stand mk VIII
Operations Foreman (https://www.notion.so/Operations-Foreman-64b6b3d56da6444689fb4a60bcd748d5?pvs=21),Crew,,,,21,Busan The Last Stand mk VIII
Security Officer (https://www.notion.so/Security-Officer-cf2549feb71743c5930f1819ce6ad306?pvs=21),Crew,,,,54,Busan The Last Stand mk VIII
Janitor (https://www.notion.so/Janitor-0fb7f82c26b54d3281d391fa81203c71?pvs=21),Crew,,,,12,Busan The Last Stand mk VIII
Science Officer (https://www.notion.so/Science-Officer-6b8678b28ffe44c8b2f0c06fcccb2c23?pvs=21),Crew,,,,36,Busan The Last Stand mk VIII
Hospitality Manager (https://www.notion.so/Hospitality-Manager-3d6934357bc646eb8689507f09ff087c?pvs=21),Crew,,,,8,Busan The Last Stand mk VIII
Retail Manager (https://www.notion.so/Retail-Manager-3e9b187311504e48af7aa8f254335c41?pvs=21),Crew,,,,4,Busan The Last Stand mk VIII
Recreation Manager (https://www.notion.so/Recreation-Manager-641c35f6b9064861ab853d1944c22f2c?pvs=21),Crew,,,,5,Busan The Last Stand mk VIII
Cultural Manager (https://www.notion.so/Cultural-Manager-983f2ca3165f4790b914baa58750d030?pvs=21),Crew,,,,4,Busan The Last Stand mk VIII
Command Station (https://www.notion.so/Command-Station-fc4c7a500407470db4d040a69eed31ee?pvs=21),Station,,,,3,Busan The Last Stand mk VIII
Flight Station (https://www.notion.so/Flight-Station-10ca52fc4d6c4f0a9718139127036fcf?pvs=21),Station,,,,4,Busan The Last Stand mk VIII
Scanning Station (https://www.notion.so/Scanning-Station-c65a840caf4542319f04a7d6f79375b5?pvs=21),Station,,,,5,Busan The Last Stand mk VIII
Operator Station (https://www.notion.so/Operator-Station-6fc5b5de0af04787ac000c31ebd9e953?pvs=21),Station,,,,39,Busan The Last Stand mk VIII
Medical Station (https://www.notion.so/Medical-Station-59551e94dab34b699fd14b8c58433824?pvs=21),Station,,,,12,Busan The Last Stand mk VIII
Hospitality Station (https://www.notion.so/Hospitality-Station-9f2ff753cde349449c3a89256b5e2e56?pvs=21),Station,,,,14,Busan The Last Stand mk VIII
Engineering Station (https://www.notion.so/Engineering-Station-d37678d2cd9941118fb7eb3ee989dc67?pvs=21),Station,,,,8,Busan The Last Stand mk VIII
Power Core (https://www.notion.so/Power-Core-fec1491dcb4b4c849f07de274513a992?pvs=21),Component,Core,,Titan,1,Busan The Last Stand mk VIII
Warp Drive (https://www.notion.so/Warp-Drive-dd8657c0b3d047da98782551469b61a2?pvs=21),Component,Core,,Titan,1,Busan The Last Stand mk VIII
Subwarp Engine (https://www.notion.so/Subwarp-Engine-c3fbf18af39048afb1dcec4a3b8ec14d?pvs=21),Component,Core,,Titan,1,Busan The Last Stand mk VIII
Maneuvering Thrusters (https://www.notion.so/Maneuvering-Thrusters-26f4163fe70a480fbbfb28bf2346e2ac?pvs=21),Component,Core,,Titan,1,Busan The Last Stand mk VIII
Shield Generator (https://www.notion.so/Shield-Generator-22ff6250d678461da38ad5adee5234e9?pvs=21),Component,Core,,Titan,1,Busan The Last Stand mk VIII
Heat Sink (https://www.notion.so/Heat-Sink-9a2ef32ff8014683b7c02b4856ba14ce?pvs=21),Component,Core,,Titan,1,Busan The Last Stand mk VIII
Scanner Array (https://www.notion.so/Scanner-Array-7ff97074be804fbbbe57c465e952d9f2?pvs=21),Component,Core,,Titan,1,Busan The Last Stand mk VIII
Tractor Beam (https://www.notion.so/Tractor-Beam-a53cadac3f5543b09057327e01ec30c6?pvs=21),Component,Core,,Titan,1,Busan The Last Stand mk VIII
Hull Reinforcement (https://www.notion.so/Hull-Reinforcement-187f8583d7374ce3a191be8165a87ed9?pvs=21),Component,Core,,Titan,1,Busan The Last Stand mk VIII
Fixed Hardpoint (https://www.notion.so/Fixed-Hardpoint-c8ac7684ffe14d53a34fbae51e2f4aa5?pvs=21),Component,Combat,,Titan,1,Busan The Last Stand mk VIII
Turret Hardpoint (https://www.notion.so/Turret-Hardpoint-3fa5870ccff5474e85f13cd3b13a6a7b?pvs=21),Component,Combat,,Commander,3,Busan The Last Stand mk VIII
Turret Hardpoint (https://www.notion.so/Turret-Hardpoint-3fa5870ccff5474e85f13cd3b13a6a7b?pvs=21),Component,Combat,,Capital,6,Busan The Last Stand mk VIII
Turret Hardpoint (https://www.notion.so/Turret-Hardpoint-3fa5870ccff5474e85f13cd3b13a6a7b?pvs=21),Component,Combat,,Large,12,Busan The Last Stand mk VIII
Turret Hardpoint (https://www.notion.so/Turret-Hardpoint-3fa5870ccff5474e85f13cd3b13a6a7b?pvs=21),Component,Combat,,Medium,24,Busan The Last Stand mk VIII
Missile Bay (https://www.notion.so/Missile-Bay-0b53fb061c8143b5b6c1d9ce6c98c4c0?pvs=21),Component,Combat,,Titan,3,Busan The Last Stand mk VIII
Missile Bay (https://www.notion.so/Missile-Bay-0b53fb061c8143b5b6c1d9ce6c98c4c0?pvs=21),Component,Combat,,Commander,4,Busan The Last Stand mk VIII
Missile Bay (https://www.notion.so/Missile-Bay-0b53fb061c8143b5b6c1d9ce6c98c4c0?pvs=21),Component,Combat,,Capital,8,Busan The Last Stand mk VIII
Missile Bay (https://www.notion.so/Missile-Bay-0b53fb061c8143b5b6c1d9ce6c98c4c0?pvs=21),Component,Combat,,Large,16,Busan The Last Stand mk VIII
Countermeasure System (https://www.notion.so/Countermeasure-System-abc89ea959094c7ca59956d4fede2b6b?pvs=21),Component,Combat,,Titan,1,Busan The Last Stand mk VIII
Countermeasure System (https://www.notion.so/Countermeasure-System-abc89ea959094c7ca59956d4fede2b6b?pvs=21),Component,Combat,,Commander,2,Busan The Last Stand mk VIII
Countermeasure System (https://www.notion.so/Countermeasure-System-abc89ea959094c7ca59956d4fede2b6b?pvs=21),Component,Combat,,Capital,4,Busan The Last Stand mk VIII
Countermeasure System (https://www.notion.so/Countermeasure-System-abc89ea959094c7ca59956d4fede2b6b?pvs=21),Component,Combat,,Large,16,Busan The Last Stand mk VIII
Drone Port (https://www.notion.so/Drone-Port-d86333c6b0ef409aa452ec865f202882?pvs=21),Component,Utility,,Commander,4,Busan The Last Stand mk VIII
Ammo Module (https://www.notion.so/Ammo-Module-ca0afaffdcf046f3b7ffeb9936fbdf9a?pvs=21),Module,Swappable,Room,Titan,6,Busan The Last Stand mk VIII
Fuel Module (https://www.notion.so/Fuel-Module-120259914f1a4377bad3b7ffd3f42c9e?pvs=21),Module,Swappable,Room,Titan,2,Busan The Last Stand mk VIII
Cargo Module (https://www.notion.so/Cargo-Module-790ddec5d1e4449494a5274787f043fa?pvs=21),Module,Swappable,Room,Titan,4,Busan The Last Stand mk VIII
Passenger Module (https://www.notion.so/Passenger-Module-5f0accb87611424a822f2c4b552a0759?pvs=21),Module,Swappable,Room,Titan,2,Busan The Last Stand mk VIII
Bridge/Cockpit (https://www.notion.so/Bridge-Cockpit-58c0cce9dacd4c7db88eb19b790d9e07?pvs=21),Interior,Standard,Room,Titan,1,Busan The Last Stand mk VIII
Mess Hall (https://www.notion.so/Mess-Hall-6061f42af5c042b28a473914bdb272b9?pvs=21),Interior,Standard,Room,Commander,2,Busan The Last Stand mk VIII
Medical Bay (https://www.notion.so/Medical-Bay-13d23e3a67f0497fa060b2a027845122?pvs=21),Interior,Standard,Room,Titan,1,Busan The Last Stand mk VIII
Crew Quarters (https://www.notion.so/Crew-Quarters-ddc27ec9f617429e93ce169ad305c3b1?pvs=21),Interior,Standard,Room,Commander,4,Busan The Last Stand mk VIII
Officers Quarters (https://www.notion.so/Officers-Quarters-4abe56cbd02741a48ac77b7e11a9722c?pvs=21),Interior,Standard,Room,Commander,2,Busan The Last Stand mk VIII
Command Quarters (https://www.notion.so/Command-Quarters-5113174230c24fdd874c041ce5e1fcac?pvs=21),Interior,Standard,Room,Commander,1,Busan The Last Stand mk VIII
Restroom (https://www.notion.so/Restroom-9d42fc8bb21740b0ae470f587c386454?pvs=21),Interior,Standard,Room,Commander,2,Busan The Last Stand mk VIII
Restroom (https://www.notion.so/Restroom-9d42fc8bb21740b0ae470f587c386454?pvs=21),Interior,Standard,Room,Capital,2,Busan The Last Stand mk VIII
Restroom (https://www.notion.so/Restroom-9d42fc8bb21740b0ae470f587c386454?pvs=21),Interior,Standard,Room,Large,2,Busan The Last Stand mk VIII
Ready Room (https://www.notion.so/Ready-Room-b68142a0a3ef45e58d36e5300ec8b75c?pvs=21),Interior,Standard,Room,Commander,2,Busan The Last Stand mk VIII
Cargo Hold (https://www.notion.so/Cargo-Hold-dbb8e39c2c1f460c80fee2bd7921fb49?pvs=21),Interior,Standard,Room,Commander,2,Busan The Last Stand mk VIII
Medical Bay (https://www.notion.so/Medical-Bay-13d23e3a67f0497fa060b2a027845122?pvs=21),Interior,Standard,Room,Commander,2,Busan The Last Stand mk VIII
Lift (https://www.notion.so/Lift-bb50cf0ec7584344bbbad5728bc2cf74?pvs=21),Interior,Standard,Room,Titan,1,Busan The Last Stand mk VIII
Lift (https://www.notion.so/Lift-bb50cf0ec7584344bbbad5728bc2cf74?pvs=21),Interior,Standard,Room,Commander,2,Busan The Last Stand mk VIII
Lift (https://www.notion.so/Lift-bb50cf0ec7584344bbbad5728bc2cf74?pvs=21),Interior,Standard,Room,Capital,2,Busan The Last Stand mk VIII
Lift (https://www.notion.so/Lift-bb50cf0ec7584344bbbad5728bc2cf74?pvs=21),Interior,Standard,Room,Large,2,Busan The Last Stand mk VIII
Escape Pods (https://www.notion.so/Escape-Pods-d4474c589707419dbbf5cbaf68209923?pvs=21),Interior,Standard,Detail,Commander,150,Busan The Last Stand mk VIII
Engine Room (https://www.notion.so/Engine-Room-80a3855c943e483aa4c96c6ffb51938f?pvs=21),Interior,Standard,Room,Titan,1,Busan The Last Stand mk VIII
Cargo Hold (https://www.notion.so/Cargo-Hold-dbb8e39c2c1f460c80fee2bd7921fb49?pvs=21),Interior,Standard,Room,Titan,1,Busan The Last Stand mk VIII
Tram (https://www.notion.so/Tram-54b15a8d1a954e73b537a8b06e2fc82c?pvs=21),Interior,Standard,Room,Commander,2,Busan The Last Stand mk VIII
Data Rack (https://www.notion.so/Data-Rack-cf8e246beffc43679fc9e21c7e6dce27?pvs=21),Interior,Specialty,Room,Capital,4,Busan The Last Stand mk VIII
Restaurant (https://www.notion.so/Restaurant-485e8267219048e0bec508b43a888232?pvs=21),Interior,Specialty,Room,Commander,2,Busan The Last Stand mk VIII
Passenger Cabin (https://www.notion.so/Passenger-Cabin-e1495e90078a4075959b7dbd6f364fd0?pvs=21),Interior,Specialty,Room,Commander,1,Busan The Last Stand mk VIII
Hangar Bay (https://www.notion.so/Hangar-Bay-1162a3084e0b4fd7937e8ddba635c7e6?pvs=21),Interior,Functional,Room,Titan,1,Busan The Last Stand mk VIII
Hangar Bay (https://www.notion.so/Hangar-Bay-1162a3084e0b4fd7937e8ddba635c7e6?pvs=21),Interior,Functional,Room,Commander,2,Busan The Last Stand mk VIII
Hangar Bay (https://www.notion.so/Hangar-Bay-1162a3084e0b4fd7937e8ddba635c7e6?pvs=21),Interior,Functional,Room,Capital,4,Busan The Last Stand mk VIII
Armory (https://www.notion.so/Armory-12653f39dd4043f2bc1c4bfc9f9b7bf6?pvs=21),Interior,Functional,Room,Titan,1,Busan The Last Stand mk VIII
Armory (https://www.notion.so/Armory-12653f39dd4043f2bc1c4bfc9f9b7bf6?pvs=21),Interior,Functional,Room,Commander,2,Busan The Last Stand mk VIII
Scanner Suite (https://www.notion.so/Scanner-Suite-8047eca4383b459e9a233e6b1b076d9a?pvs=21),Interior,Functional,Room,Titan,1,Busan The Last Stand mk VIII
Workshop (https://www.notion.so/Workshop-11c62d39f06e4575a4bc0cb891d5aad6?pvs=21),Interior,Functional,Room,Commander,1,Busan The Last Stand mk VIII
Laboratory (https://www.notion.so/Laboratory-59248857335c40039d843514f852b619?pvs=21),Interior,Functional,Room,Capital,2,Busan The Last Stand mk VIII
Ship's Brig (https://www.notion.so/Ship-s-Brig-5a3f4abe01ec486d8c6f31424843c6f7?pvs=21),Interior,Functional,Room,Capital,2,Busan The Last Stand mk VIII
Hydroponics Bay (https://www.notion.so/Hydroponics-Bay-a9e7cdec0f3d45118eef057fbee01640?pvs=21),Interior,Functional,Room,Commander,2,Busan The Last Stand mk VIII
Armory (https://www.notion.so/Armory-12653f39dd4043f2bc1c4bfc9f9b7bf6?pvs=21),Interior,Functional,Room,Capital,2,Busan The Last Stand mk VIII
Shopping Center (https://www.notion.so/Shopping-Center-15b967eac2e247e3961108d06d300ee0?pvs=21),Interior,Activity,Room,Capital,2,Busan The Last Stand mk VIII
Shopping Center (https://www.notion.so/Shopping-Center-15b967eac2e247e3961108d06d300ee0?pvs=21),Interior,Activity,Room,Commander,1,Busan The Last Stand mk VIII
Meta-Holodeck (https://www.notion.so/Meta-Holodeck-b389d2ad0cdd40dc838a1ca908e0bcaa?pvs=21),Interior,Activity,Room,Commander,1,Busan The Last Stand mk VIII
Gymnasium (https://www.notion.so/Gymnasium-a2e327863acb4c4f8ec5055fa79b7d9e?pvs=21),Interior,Activity,Room,Capital,2,Busan The Last Stand mk VIII
Theater (https://www.notion.so/Theater-19e7883269fd4571b77bf13e35f3bae8?pvs=21),Interior,Activity,Room,Commander,1,Busan The Last Stand mk VIII
Theater (https://www.notion.so/Theater-19e7883269fd4571b77bf13e35f3bae8?pvs=21),Interior,Activity,Room,Capital,2,Busan The Last Stand mk VIII
Pool (https://www.notion.so/Pool-78f1f92de652499eb8d5969ea03f0484?pvs=21),Interior,Leisure,Room,Commander,1,Busan The Last Stand mk VIII
Library (https://www.notion.so/Library-7f4704ab182744638f8864488af909d7?pvs=21),Interior,Leisure,Room,Commander,2,Busan The Last Stand mk VIII
Arboretum (https://www.notion.so/Arboretum-96ffb3b99e184f629e1f509569fce790?pvs=21),Interior,Leisure,Room,Commander,2,Busan The Last Stand mk VIII
Spa (https://www.notion.so/Spa-1411a2af9afd4725b72a1079af9806a9?pvs=21),Interior,Leisure,Room,Capital,1,Busan The Last Stand mk VIII
Aquarium (https://www.notion.so/Aquarium-df0cb0214aff471a9a4622fca837a3a5?pvs=21),Interior,Leisure,Room,Commander,2,Busan The Last Stand mk VIII
Mixologist (https://www.notion.so/Mixologist-2c4f758e84884393bae09ac25663e600?pvs=21),Crew,,,,4,Busan The Last Stand mk VIII